﻿designator,quantity,value,pack,mpn,mount_type
", , , , , , , ",8,,,,tht
C1,1,470u,CP_Radial_D5.0mm_P2.50mm,,tht
"C2, C5",2,.1u,C_0805_2012Metric,,smt
C3,1,1u,C_0805_2012Metric,,smt
C4,1,22u,CP_Radial_D5.0mm_P2.50mm,,tht
"D1, D10, D2, D3, D4, D5, D6, D7, D8, D9",10,"2V, 10mA",LED_D5.0mm,,tht
J1,1,Jack-DC,BarrelJack_Horizontal,,tht
J2,1,AudioJack2_SwitchT,Jack_6.35_TTnS,,tht
"R1, R3",2,100K,R_0603_1608Metric,,smt
R2,1,47R,R_0805_2012Metric,,smt
"R4, R5",2,1K,R_0603_1608Metric,,smt
"RV1, RV2, RV3, RV4, RV5, RV6, RV7, RV8, RV9",9,10K,POTENTIOMETER_BOARDMNT_VERTICAL,,tht
SW1,1,SW_Push,Switch_2pin,,tht
SW2,1,SW_Rotary12,MC00L1NCQD,,tht
U1,1,NE555P,DIP-8_W7.62mm,,tht
U2,1,OP07,DIP-8,,tht
U3,1,4017,CD4017BM,,smt
