﻿pos_x,pos_y,rotation,side,designator,mpn,pack,value,mount_type,place
142.0,97.0,0.0,top,,,,,tht,True
3.0,52.5,0.0,top,,,,,tht,True
142.0,52.5,0.0,top,,,,,tht,True
72.5,3.0,0.0,top,,,,,tht,True
72.5,97.0,0.0,top,,,,,tht,True
142.0,3.0,0.0,top,,,,,tht,True
3.0,3.0,0.0,top,,,,,tht,True
3.0,97.0,0.0,top,,,,,tht,True
12.5,80.0,-90.0,top,C1,,CP_Radial_D5.0mm_P2.50mm,470u,tht,True
7.5,79.0,-90.0,top,C2,,C_0805_2012Metric,.1u,smt,True
4.0,79.0,-90.0,top,C3,,C_0805_2012Metric,1u,smt,True
30.0,67.794888,90.0,top,C4,,CP_Radial_D5.0mm_P2.50mm,22u,tht,True
26.0,76.45,90.0,top,C5,,C_0805_2012Metric,.1u,smt,True
12.5,3.5,90.0,top,D1,,LED_D5.0mm,"2V, 10mA",tht,True
112.5,77.46,90.0,top,D10,,LED_D5.0mm,"2V, 10mA",tht,True
30.5,3.5,90.0,top,D2,,LED_D5.0mm,"2V, 10mA",tht,True
49.0,3.5,90.0,top,D3,,LED_D5.0mm,"2V, 10mA",tht,True
66.0,3.5,90.0,top,D4,,LED_D5.0mm,"2V, 10mA",tht,True
84.0,3.5,90.0,top,D5,,LED_D5.0mm,"2V, 10mA",tht,True
99.5,3.5,90.0,top,D6,,LED_D5.0mm,"2V, 10mA",tht,True
116.5,3.5,90.0,top,D7,,LED_D5.0mm,"2V, 10mA",tht,True
133.5,3.5,90.0,top,D8,,LED_D5.0mm,"2V, 10mA",tht,True
20.0,82.96,90.0,top,D9,,LED_D5.0mm,"2V, 10mA",tht,True
10.0,88.0,0.0,top,J1,,BarrelJack_Horizontal,Jack-DC,tht,True
119.2,70.7125,0.0,top,J2,,Jack_6.35_TTnS,AudioJack2_SwitchT,tht,True
13.675,70.0,180.0,top,R1,,R_0603_1608Metric,100K,smt,True
36.5,65.0,180.0,top,R2,,R_0805_2012Metric,47R,smt,True
78.0,2.5,-90.0,top,R3,,R_0603_1608Metric,100K,smt,True
14.0,84.825,90.0,top,R4,,R_0603_1608Metric,1K,smt,True
113.325,72.0,180.0,top,R5,,R_0603_1608Metric,1K,smt,True
7.547,27.158,-90.0,top,RV1,,POTENTIOMETER_BOARDMNT_VERTICAL,10K,tht,True
25.547,14.658,-90.0,top,RV2,,POTENTIOMETER_BOARDMNT_VERTICAL,10K,tht,True
43.547,27.158,-90.0,top,RV3,,POTENTIOMETER_BOARDMNT_VERTICAL,10K,tht,True
61.0,14.658,-90.0,top,RV4,,POTENTIOMETER_BOARDMNT_VERTICAL,10K,tht,True
78.047,27.158,-90.0,top,RV5,,POTENTIOMETER_BOARDMNT_VERTICAL,10K,tht,True
94.547,14.658,-90.0,top,RV6,,POTENTIOMETER_BOARDMNT_VERTICAL,10K,tht,True
31.547,77.158,-90.0,top,RV7,,POTENTIOMETER_BOARDMNT_VERTICAL,10K,tht,True
111.547,27.158,-90.0,top,RV8,,POTENTIOMETER_BOARDMNT_VERTICAL,10K,tht,True
128.547,14.658,-90.0,top,RV9,,POTENTIOMETER_BOARDMNT_VERTICAL,10K,tht,True
1.5,60.25,0.0,top,SW1,,Switch_2pin,SW_Push,tht,True
61.5,78.5,180.0,top,SW2,,MC00L1NCQD,SW_Rotary12,tht,True
18.2,72.8,0.0,top,U1,,DIP-8_W7.62mm,NE555P,tht,True
61.7,39.7,90.0,top,U2,,DIP-8,OP07,tht,True
41.0,55.5,90.0,top,U3,,CD4017BM,4017,smt,True
